scenario,model,variable,mean,volatility,skewness,kurtosis,var_1,var_5,var_10,cvar_5,max_drawdown,tail_risk
Baseline Economic Uncertainty,abm,gdp_growth,6.541007595118163,0.33352050981219244,0.019974264254508052,-0.02790383715156608,5.763843414311236,5.998023450334832,6.115542718805509,5.85786271197272,0.0,5.655866070403985
Baseline Economic Uncertainty,abm,inflation,5.544911290986789,0.28421806056650545,0.03869320566644581,0.020966500154951273,4.8914773433535785,5.081676307741509,5.1806414568532935,4.965283495467947,0.0,4.795183677542596
Baseline Economic Uncertainty,abm,unemployment,4.242162570817735,0.2210299084260194,0.05908358368522188,0.05560355349833124,3.731492844850759,3.884584014062499,3.961665375911994,3.7916982610019554,0.0,3.66193898436819
Baseline Economic Uncertainty,abm,current_account,-1.457841592532611,0.10398951227701002,0.7812700681208565,1.2599124504739043,-1.659313308538746,-1.6052521926571626,-1.5770401637970832,-1.6386070916633164,0.0,-1.6877659134297451
Baseline Economic Uncertainty,abm,government_debt,35.05172833455899,1.7450144717626856,0.013866195944944598,-0.009086263977475806,30.963945157506416,32.1793560933131,32.821531099451605,31.451145176791197,0.0,30.449516717921643
Baseline Economic Uncertainty,abm,trade_balance,-7.958130477403007,0.4091183605687812,0.007654467146795083,-0.03538887563678639,-8.904870141297387,-8.628705358717701,-8.481640594520925,-8.799874011957732,0.0,-9.039163817895846
Baseline Economic Uncertainty,abm,real_exchange_rate,100.02544605776419,4.992591932372978,-0.0014189962799856387,0.01072155682999787,88.39238600746772,91.89410310431023,93.64904484254326,89.73195689137069,0.0,86.5930594015182
Baseline Economic Uncertainty,abm,investment_rate,25.043229440698415,1.260137003007159,-0.016666389183614138,-0.019129114768688726,22.119106156109773,22.96749178029487,23.41874384573427,22.445320455365838,0.0,21.657815742997876
Baseline Economic Uncertainty,abm,consumption_growth,5.840709532899778,0.2974077634168334,0.04142581776173508,0.02905303230062195,5.151502524463082,5.3565875265646765,5.463500408152582,5.230813586181241,0.0,5.056305197776982
Baseline Economic Uncertainty,abm,productivity_growth,2.5419355795055183,0.14516885321042183,0.2932735505190976,0.3459481113411531,2.226034617096898,2.3138049974088175,2.3625450747843186,2.259484281638483,0.0,2.185677239614338
Baseline Economic Uncertainty,behavioral,gdp_growth,6.545354883508872,0.3332165677645775,0.03579977398597572,-0.0014983596641457986,5.77789640493055,5.999720142336484,6.123625525200684,5.862874925761077,0.0,5.6719531044667315
Baseline Economic Uncertainty,behavioral,inflation,5.540439882371736,0.28346028357671704,0.059110150778126695,0.04072413818858811,4.884755904841194,5.082039738301935,5.1795365405813625,4.9634089183087,0.0,4.793340122457923
Baseline Economic Uncertainty,behavioral,unemployment,4.242175667466629,0.22289195392101818,0.08532605608719981,0.03326406789169756,3.734568461725292,3.8801616505829237,3.958693399183208,3.792111393714447,0.0,3.6672619973682
Baseline Economic Uncertainty,behavioral,current_account,-1.4581981191264468,0.10337245772896828,0.7585225066479043,1.2483626614550198,-1.6612350811871173,-1.6053613745137505,-1.5770826652085619,-1.6395138363537078,0.0,-1.6896743374804686
Baseline Economic Uncertainty,behavioral,government_debt,35.049919570445304,1.7519647705617643,-0.01174252022496324,-0.016952684686726727,30.970625781877306,32.15108797140805,32.81401197942241,31.431117118678067,0.0,30.376358434699192
Baseline Economic Uncertainty,behavioral,trade_balance,-7.958870298016198,0.4070169312583855,0.017656673274493957,0.005851919757780433,-8.895735130091854,-8.628059782362763,-8.478868258077796,-8.793812725825454,0.0,-9.030911799543684
Baseline Economic Uncertainty,behavioral,real_exchange_rate,100.03081483097671,4.98595484346271,-0.008894460028442259,0.008770006157435617,88.33186717001377,91.82351042128435,93.65362541764702,89.69793696679046,0.0,86.67195000231811
Baseline Economic Uncertainty,behavioral,investment_rate,25.04541024482208,1.2595155811614398,0.0022494050411207313,-0.0214180110047395,22.107044729017634,22.97761652341998,23.43967379238188,22.448844449714294,0.0,21.698545045807183
Baseline Economic Uncertainty,behavioral,consumption_growth,5.840184183528244,0.29693321158753955,0.02674381489043418,0.006966938006198742,5.157448115916168,5.352430328006062,5.459814463174367,5.232136812920116,0.0,5.057133430498484
Baseline Economic Uncertainty,behavioral,productivity_growth,2.542318367881651,0.14380672104693823,0.29028205547203134,0.3079038418963944,2.2335360372036024,2.317496402379798,2.3639819655222443,2.265055557098579,0.0,2.1905725471852513
Baseline Economic Uncertainty,cge,gdp_growth,6.5409483639541275,0.33354837304801355,0.024074868956215943,-0.005896319346963885,5.779152503845417,5.9948191672472655,6.1120492799897175,5.8599900275745735,0.0,5.665967141662688
Baseline Economic Uncertainty,cge,inflation,5.538331098904888,0.2852659764451909,0.028965266728942167,0.0867327747316482,4.875980509185608,5.070579142300636,5.176945481772627,4.951091844836341,0.0,4.775656939425023
Baseline Economic Uncertainty,cge,unemployment,4.24267902972967,0.2227392719340685,0.08361397428782384,0.0179515281773317,3.7343941126725193,3.8826870560355515,3.959904437450819,3.793383407270759,0.0,3.666880284228374
Baseline Economic Uncertainty,cge,current_account,-1.4580434556645163,0.10331499724699897,0.7959757303213204,1.4020711200800493,-1.660244552455096,-1.6056799120868197,-1.576408847035985,-1.6388400146390787,0.0,-1.6859556306998877
Baseline Economic Uncertainty,cge,government_debt,35.038412221022774,1.7625308552566212,0.014979797083341576,-0.03135039128165129,30.932426728036415,32.15994660514194,32.789223695346706,31.41307856792365,0.0,30.38642920458276
Baseline Economic Uncertainty,cge,trade_balance,-7.9569209154748535,0.40518127169147344,0.02253021319582301,-0.009028249403660205,-8.887269224233975,-8.618088007293393,-8.474644407072033,-8.787618662591143,0.0,-9.021942431575944
Baseline Economic Uncertainty,cge,real_exchange_rate,100.08731715281075,5.012072013974174,-0.010146324161177151,-0.021153936429913145,88.45718906559325,91.86992431080242,93.61087373745694,89.77032137365832,0.0,86.69187645733689
Baseline Economic Uncertainty,cge,investment_rate,25.039354773987277,1.2524813482070323,0.010896419740340899,-0.00664389946375854,22.11897392609127,22.969679554830147,23.440410078053574,22.458050816829243,0.0,21.719455450627475
Baseline Economic Uncertainty,cge,consumption_growth,5.839917412016783,0.2994037064066441,0.02515779090460473,-0.011725642943394732,5.144678512393794,5.348062125899829,5.45643616224677,5.22486004705027,0.0,5.055312303898678
Baseline Economic Uncertainty,cge,productivity_growth,2.541921734344845,0.1442653065603898,0.2801827175354613,0.37640174129639536,2.225116404462635,2.3161428360776477,2.364694774307371,2.2592651839204865,0.0,2.180536985833633
External Shock Analysis,abm,gdp_growth,6.518668598048572,0.8406378123271144,0.352122739617954,12.666174422193109,3.7903264476873835,5.472923806806623,5.873690433277946,4.4666250946525565,0.0,2.8060112267109516
External Shock Analysis,abm,inflation,5.523004444256017,0.8216696529240511,0.4138076679619033,13.80522170007466,2.8506268360233715,4.503606387341118,4.944830853781413,3.4944548244027476,0.0,1.8464858275416478
External Shock Analysis,abm,unemployment,4.219927252265473,0.803165615844879,0.4049946262895103,15.471215323445964,1.5759393882386874,3.2111646841535184,3.7109094756339367,2.195300919071924,0.0,0.5342593379292233
External Shock Analysis,abm,current_account,-1.4795625488137363,0.7791289852097858,0.45361055422156926,17.16750038120572,-4.0954697830691345,-2.454817925832997,-1.8983876396499078,-3.4757100066959046,-24.406905558468132,-5.140797455127948
External Shock Analysis,abm,government_debt,35.03172898090416,1.9026252407918038,0.04477620380750943,0.4349125535167402,30.549650225529533,31.934254161721647,32.64846889313397,31.063322614644527,0.0,29.754501382942053
External Shock Analysis,abm,trade_balance,-7.980225286196491,0.8696345796493048,0.33846079630366926,10.657365859928818,-10.692276185570128,-9.117904587058689,-8.723557862489704,-10.064315510382782,-0.03974319825712806,-11.68823660928994
External Shock Analysis,abm,real_exchange_rate,100.01755257464741,5.052870657124222,0.011093813065749775,0.015248570745419965,88.24279747498058,91.81321788741059,93.55090157238085,89.62610623203322,0.0,86.52914370281609
External Shock Analysis,abm,investment_rate,25.01819238115199,1.4793379326274083,0.02485189294711512,1.2659247290133564,21.423319176050107,22.673250328607097,23.216314306582134,21.875791519933788,0.0,20.507362024963196
External Shock Analysis,abm,consumption_growth,5.819650147214863,0.8276193259722354,0.3638463987970333,13.250437060227707,3.1348928633270683,4.769469126678738,5.208557733058824,3.7761799956757933,0.0,2.136014141588102
External Shock Analysis,abm,productivity_growth,2.519831462802185,0.7844502550357766,0.4357213353718485,16.555166431956067,-0.12911084370213963,1.5337355346156907,2.0847245961510263,0.5190453917361363,0.0,-1.1488315018770454
External Shock Analysis,behavioral,gdp_growth,6.5215605083163135,0.8405702280510275,0.35109722397883597,12.499561044623055,3.789288885474529,5.455794335584322,5.872103276572074,4.467979212259058,0.0,2.8125929390410933
External Shock Analysis,behavioral,inflation,5.5193209820354125,0.8241770246977403,0.3515930543175417,13.825415408808468,2.8245879641298153,4.490417395577822,4.928867565772728,3.480922180316429,0.0,1.8108709666377483
External Shock Analysis,behavioral,unemployment,4.221197063122568,0.8031883632833016,0.382702892224717,15.026672181353387,1.5625787292574953,3.2161287694259975,3.7121602924810944,2.2008200980286725,0.0,0.5326137033403329
External Shock Analysis,behavioral,current_account,-1.4802778889849277,0.7793253027174477,0.45241325077118094,17.127372175551866,-4.127489973298813,-2.4586904001666596,-1.8958507843840025,-3.4786249332764383,-22.00905765982596,-5.14684941591941
External Shock Analysis,behavioral,government_debt,35.01987039851358,1.9035144701003,0.03616150741663949,0.3261368711405366,30.537110149263658,31.907748479008337,32.63867636774896,31.0480646467737,0.0,29.77782224034158
External Shock Analysis,behavioral,trade_balance,-7.982750710723391,0.8754486875401467,0.28926114610492915,10.855520130598688,-10.725351320434134,-9.118289872142398,-8.72662511134293,-10.080254924592102,-0.057533878645146565,-11.749850738972023
External Shock Analysis,behavioral,real_exchange_rate,100.00007390252527,5.061697684884248,-0.0039246232150817704,-0.008225850506355936,88.25092573198769,91.69355093626345,93.50655242186484,89.57011483814117,0.0,86.42860798055563
External Shock Analysis,behavioral,investment_rate,25.02445784859451,1.4781795036592775,0.061376788033262006,1.2550471805163914,21.447625130278077,22.684438515540673,23.226955203874354,21.886891293396282,0.0,20.555971874360726
External Shock Analysis,behavioral,consumption_growth,5.817920717320454,0.8269165139070687,0.37605668832821154,13.130239971118272,3.1352366280400346,4.788338121460424,5.21610532589791,3.771233756335594,0.0,2.142719244548197
External Shock Analysis,behavioral,productivity_growth,2.520551860274586,0.7861292601221681,0.43590907282075125,16.748256636429215,-0.1454189564539277,1.527344767538632,2.0919348739758847,0.5134433888246425,0.0,-1.1522936484196304
External Shock Analysis,cge,gdp_growth,6.522696337013519,0.8412848313806311,0.35211525921552156,12.6659489433938,3.7964558845630436,5.459081916546656,5.883271578729117,4.457405323407076,0.0,2.8107442054912584
External Shock Analysis,cge,inflation,5.517884739412817,0.8247707547283346,0.34679077557834953,13.623808152373758,2.831578087034811,4.47626816680926,4.934548407076085,3.4756388353260035,0.0,1.8090999106275838
External Shock Analysis,cge,unemployment,4.219780343672205,0.8042066166772459,0.4069414591879782,15.138689830698077,1.5944412024217332,3.222510318240756,3.705437843211804,2.2000280356872626,0.0,0.532044048768688
External Shock Analysis,cge,current_account,-1.4799349523511143,0.7792299056842308,0.4505801779666439,17.19097631642332,-4.1280319663139124,-2.450069908323634,-1.8943844794039708,-3.479183978898294,-19.55770294415955,-5.145757860169498
External Shock Analysis,cge,government_debt,35.0293014819907,1.9250131559630348,0.045098579765130216,0.5451291572203356,30.50181842423186,31.958164950258933,32.62305815525724,31.027499268109153,0.0,29.595186692842507
External Shock Analysis,cge,trade_balance,-7.976417686196472,0.8745361971311697,0.32255376729768576,10.920494726923675,-10.731546038526227,-9.100996633077477,-8.724277865906434,-10.076450893892593,-0.040237111172232796,-11.726191115314283
External Shock Analysis,cge,real_exchange_rate,100.03555284473389,5.052702737733273,-0.01920730087079624,-0.004791392146174189,88.12345975247567,91.67513940306083,93.54848220482606,89.53007595069157,0.0,86.4897633775326
External Shock Analysis,cge,investment_rate,25.022362190328344,1.474010023609831,0.07476925398345234,1.322808612353695,21.501140394625644,22.677792561764758,23.237305184811053,21.90460351021325,0.0,20.567770736780687
External Shock Analysis,cge,consumption_growth,5.819480686587315,0.830127834654732,0.34984738124830933,13.515864407426662,3.118792727952537,4.784759640261572,5.217414946844359,3.7718288781740927,0.0,2.0799802444535853
External Shock Analysis,cge,productivity_growth,2.520347470101046,0.78613669629237,0.41868711465098873,16.624678947577483,-0.12890582912321769,1.5361097168342581,2.0874137089243057,0.5140567248232379,0.0,-1.159469077097149
Climate Risk Assessment,abm,gdp_growth,6.533143196622101,0.33076543502228545,0.018030101214791264,-0.031462622758691605,5.765091005907403,5.987947185689246,6.110360164795834,5.853790332667763,0.0,5.663307740255791
Climate Risk Assessment,abm,inflation,5.532056001059261,0.2818483027419653,0.03429064339771123,0.04751486143081296,4.892518163659592,5.069636807070523,5.176234609179213,4.954238104754334,0.0,4.7830921189337
Climate Risk Assessment,abm,unemployment,4.23502790597249,0.22298386344921628,0.09115403374864826,0.0837366831330657,3.725207282331742,3.8739296948112023,3.9515350377952054,3.785293278851288,0.0,3.653834590964349
Climate Risk Assessment,abm,current_account,-1.4660785477713856,0.09921318695076198,0.8974456392684491,2.2358193068518473,-1.6620223982114122,-1.6086949785082982,-1.5790661868860456,-1.6411663822055695,0.0,-1.6884381465935396
Climate Risk Assessment,abm,government_debt,35.040374169362686,1.7477010085139215,-0.02444072041080753,0.008337362448235908,30.958067750710235,32.15433446159149,32.794749352863434,31.40575781156617,0.0,30.32828209661622
Climate Risk Assessment,abm,trade_balance,-7.9655385186243715,0.40570103097122795,0.01955703041577186,0.0026547623749930693,-8.895896754666225,-8.624562601063145,-8.487323849747307,-8.795653438664496,0.0,-9.041299420440346
Climate Risk Assessment,abm,real_exchange_rate,100.09296973506181,4.9977369823112365,-0.004825787905583205,-0.03138890778262704,88.48978013478721,91.77978158244093,93.66299035213339,89.7636636743438,0.0,86.8879332786188
Climate Risk Assessment,abm,investment_rate,25.036434579514573,1.2512337269582767,0.012092605603281905,0.06107993177145232,22.11500481680847,23.005550681876652,23.442129390763537,22.460856349383928,0.0,21.666737767728137
Climate Risk Assessment,abm,consumption_growth,5.834096467288386,0.2976050652844425,0.03120967094046451,0.07599312820544091,5.149048220722086,5.3471318225337106,5.454360517277411,5.223702413510784,0.0,5.041881649300756
Climate Risk Assessment,abm,productivity_growth,2.5338172490919524,0.142309562184253,0.3442643724924674,0.6920369875071701,2.220389270648892,2.3132140388688107,2.3579742782839155,2.2568482103142498,0.0,2.1794728775043803
Climate Risk Assessment,behavioral,gdp_growth,6.532056971412101,0.33393831548005753,0.006363138054359127,-0.009461130816150742,5.758243527482618,5.982775900978324,6.101363487857473,5.845293341150026,0.0,5.646280828500141
Climate Risk Assessment,behavioral,inflation,5.5309387406109085,0.2822640411220101,0.02910395387770962,0.030213175310810136,4.885042775623871,5.072323410236997,5.170820572741617,4.952100967137805,0.0,4.780420848538251
Climate Risk Assessment,behavioral,unemployment,4.232770821135596,0.22096642006861228,0.05869269227626389,0.03143525830433269,3.724121041069431,3.874572445656668,3.953524218724709,3.783261375343861,0.0,3.652425111984511
Climate Risk Assessment,behavioral,current_account,-1.4657639607615855,0.09956515752002647,0.9166461020107277,2.3983698642461864,-1.665440571891055,-1.6080148751976862,-1.5799450693279673,-1.641261489153407,0.0,-1.6886023271614699
Climate Risk Assessment,behavioral,government_debt,35.03186177475625,1.7428927928897944,0.0004800175297348012,0.08961674369052464,30.949408934546124,32.192002069229666,32.816692279849526,31.42700604710781,0.0,30.268488428793344
Climate Risk Assessment,behavioral,trade_balance,-7.966969476327713,0.40481360624548907,0.026535366218136652,-0.04836122406379362,-8.897553113351183,-8.63004299290499,-8.485665220634669,-8.794282495341243,0.0,-9.01979110221954
Climate Risk Assessment,behavioral,real_exchange_rate,100.08646770828808,5.003596595512113,-0.0034790319482331093,-0.03328912402080775,88.38154195558921,91.84826042573411,93.67354789177205,89.73883812410264,0.0,86.82912133299189
Climate Risk Assessment,behavioral,investment_rate,25.033762935045022,1.2449365860835628,-0.0109596302463345,0.026983698729691863,22.070628578527,22.985773342579993,23.431027895943483,22.453907471512764,0.0,21.67403837804016
Climate Risk Assessment,behavioral,consumption_growth,5.834529968748745,0.2965836928448984,0.0422721187573736,0.015866865211256798,5.152624173850541,5.347818152723749,5.45551007626533,5.228586919762857,0.0,5.059824978507211
Climate Risk Assessment,behavioral,productivity_growth,2.5332570651740856,0.13998458974942604,0.2598074369487945,0.4962901166336362,2.2256259864305052,2.3119855222588876,2.3597693364243724,2.257104539638961,0.0,2.176612925087427
Climate Risk Assessment,cge,gdp_growth,6.532048660716984,0.32738211244266113,0.014708558747565274,-0.0017774109767931812,5.777778341908419,6.000370781567576,6.114099349878219,5.859118579768208,0.0,5.6580702847681845
Climate Risk Assessment,cge,inflation,5.536350040707801,0.28509099160703055,0.03902045596338231,0.029667296954192235,4.88981274024573,5.067227788410829,5.169809348085714,4.956131991918593,0.0,4.791874899959241
Climate Risk Assessment,cge,unemployment,4.233534962094984,0.22003578795946108,0.09697843511708522,0.08328672350070043,3.7318958788456977,3.8773477421725504,3.9543656950193125,3.787505198229342,0.0,3.6642751017043156
Climate Risk Assessment,cge,current_account,-1.4666331360082414,0.10035017288106997,0.8947802203122502,2.370042666654691,-1.6634256554300304,-1.612037853866954,-1.5826714448402615,-1.6442276738095516,0.0,-1.6900428413104824
Climate Risk Assessment,cge,government_debt,35.02295385237703,1.750338986627686,-0.0028342931081387006,-0.0011102794163924123,30.863395089794185,32.15995154108095,32.786101090848625,31.390765941498124,0.0,30.336430781560793
Climate Risk Assessment,cge,trade_balance,-7.964263811497103,0.4045932764760494,0.020857817746378484,0.058501444370207434,-8.90857319888923,-8.637044315259619,-8.481457679597916,-8.800165539769706,0.0,-9.032591517863798
Climate Risk Assessment,cge,real_exchange_rate,100.01996052499796,5.008417003450634,0.017308645648888784,-0.03793091201950638,88.5382265019652,91.80573724507461,93.54972453962966,89.74316137998825,0.0,86.94215576427243
Climate Risk Assessment,cge,investment_rate,25.02800932105274,1.2534449508159753,0.007719301990656825,-0.023232375061485566,22.090070992011807,22.98988476682129,23.423288544401657,22.44795664240552,0.0,21.69589007047406
Climate Risk Assessment,cge,consumption_growth,5.833476407702807,0.29776595064315403,0.04684067161610486,0.03189706063752418,5.153684587691234,5.347417702530972,5.455017388412152,5.225612228069525,0.0,5.049648845294665
Climate Risk Assessment,cge,productivity_growth,2.5332470684117716,0.14142950318262343,0.32393706374442705,0.5981140352081766,2.225416280453147,2.3107669966292836,2.3592249198154622,2.2567771601171605,0.0,2.1820216025194346
Financial Stress Testing,abm,gdp_growth,6.639064516622592,0.4179062912934148,0.7404510170351457,1.5571901988839816,5.802765726681167,6.028676388529149,6.152051926154027,5.888324584105702,0.0,5.675088123487275
Financial Stress Testing,abm,inflation,5.640415373227262,0.3774175116749606,0.94053192753183,2.087076454213449,4.914249617048936,5.105533115892445,5.21287557421575,4.987921280119039,0.0,4.827900424000623
Financial Stress Testing,abm,unemployment,4.338634126726979,0.33335943181401656,1.3547672039927368,3.5698969213786587,3.7542625009235047,3.9024450109472606,3.9867199113329552,3.810507349003126,0.0,3.6772223845457273
Financial Stress Testing,abm,current_account,-1.3610590974783092,0.26949445440896835,2.6211050201083097,8.527491611535135,-1.6496721734431108,-1.5932751747782965,-1.5638511150041454,-1.627666920281147,-64.64763332416379,-1.677159889531597
Financial Stress Testing,abm,government_debt,35.13579991025092,1.7802819569555535,-0.002577619455618557,-0.024564833831912214,31.05333929537203,32.228632957006006,32.851281707602865,31.478955273872717,0.0,30.37632546685354
Financial Stress Testing,abm,trade_balance,-7.861959549119017,0.4745944334663806,0.4849136273326587,0.9234397534618761,-8.874907524131556,-8.582441099195687,-8.428998021926128,-8.761790845205137,0.0,-9.008661530513178
Financial Stress Testing,abm,real_exchange_rate,100.11628385903538,5.014665729244562,-0.017284241343516128,-0.010348691099673957,88.46835040180929,91.76143547577743,93.69279927112909,89.69469353792141,0.0,86.80601088579223
Financial Stress Testing,abm,investment_rate,25.132488599761082,1.2775700902253384,0.030572272790022965,-0.0031433113612426844,22.173649407319974,23.05667296919875,23.50770923511312,22.5202427469104,0.0,21.747041209732412
Financial Stress Testing,abm,consumption_growth,5.941710148139566,0.3896841290068012,0.8837026733377539,2.066631061805732,5.182728446570664,5.385762579378712,5.492811414821545,5.260922737448746,0.0,5.075671863199026
Financial Stress Testing,abm,productivity_growth,2.6385931693754974,0.2872737303963703,2.1555577181749337,6.594793470274158,2.2383134664688003,2.3330518455640115,2.382154887757125,2.2758943062647607,0.0,2.194583386460771
Financial Stress Testing,behavioral,gdp_growth,6.635876930742732,0.41736728436390463,0.6790178499787064,1.4152613403094136,5.7753760384727,6.0238801569806695,6.145995973219293,5.874318164378817,0.0,5.65967127356638
Financial Stress Testing,behavioral,inflation,5.639039669576946,0.37840241108955774,0.9517682119240024,2.1872279476284318,4.898936688773709,5.103973015312933,5.212236797550143,4.981792977013648,0.0,4.813794199022994
Financial Stress Testing,behavioral,unemployment,4.337205234903035,0.3326135804613141,1.3666428075902455,3.5539417688224804,3.753748038469777,3.902605123990471,3.9841064721261334,3.811545458717075,0.0,3.6824030653073594
Financial Stress Testing,behavioral,current_account,-1.3613635754934879,0.26993181436139835,2.6226244772896754,8.540387093346345,-1.6521079287815181,-1.5952021790361377,-1.564889779007409,-1.630235278513691,-73.49157664723155,-1.6787372772956644
Financial Stress Testing,behavioral,government_debt,35.14432229377562,1.786420402103,-0.007260951874507786,-0.00028001841865998855,30.970700436321128,32.20285534964482,32.866700797654985,31.454592883138336,0.0,30.352406247908583
Financial Stress Testing,behavioral,trade_balance,-7.864689166692749,0.4740363686821403,0.47926894184040175,0.8415728529109514,-8.865096471219921,-8.586331902832589,-8.440667810839173,-8.757323978802715,0.0,-8.999309984773577
Financial Stress Testing,behavioral,real_exchange_rate,100.14163372773541,5.020701179459917,0.03475165692157658,0.01680767783146786,88.61542341229105,91.87284737164126,93.74608429887608,89.86157325792088,0.0,86.97525739859664
Financial Stress Testing,behavioral,investment_rate,25.143021361660235,1.284558824005027,0.02215908949500879,0.007109639753134278,22.157694710306203,23.03794363791864,23.50314921170952,22.50547568314977,0.0,21.753473674498345
Financial Stress Testing,behavioral,consumption_growth,5.937787157232286,0.3876331800928506,0.8634311386302266,1.8645192717661612,5.173015308287187,5.38766501838614,5.49379052830869,5.2580667974613124,0.0,5.079222389972415
Financial Stress Testing,behavioral,productivity_growth,2.639445462997414,0.28789729115832147,2.1772171545357,6.69914720566889,2.245805664066289,2.3340132587266744,2.382890138407148,2.2799974927863955,0.0,2.2028990867487397
Financial Stress Testing,cge,gdp_growth,6.637370205394303,0.4135685006937579,0.7171331766885041,1.5358247080264524,5.789042614098626,6.034435552772877,6.154866340247555,5.887323450898847,0.0,5.674662301172932
Financial Stress Testing,cge,inflation,5.64046089059156,0.3799114216241453,0.9628763251837695,2.2349315777678243,4.912764958730417,5.1052480681334735,5.212105205991195,4.987441096049366,0.0,4.820430891709666
Financial Stress Testing,cge,unemployment,4.3406728084925215,0.3339097622120492,1.379964495584795,3.627877805174905,3.7586189258406932,3.9061645940845766,3.9853236218873276,3.8126228754177918,0.0,3.682157758189875
Financial Stress Testing,cge,current_account,-1.3607865724335941,0.2704879480771678,2.6286142772749304,8.580932867100858,-1.6519775440151732,-1.595737465328289,-1.5644677354802599,-1.6299676085501449,-197.595305514204,-1.6806329120263948
Financial Stress Testing,cge,government_debt,35.141398746670205,1.7749203642805873,0.02339274220546997,-0.019096155181586028,31.033739513265175,32.22507391086162,32.87256303604944,31.499461999431613,0.0,30.489107245871335
Financial Stress Testing,cge,trade_balance,-7.8620881322823495,0.47767665156792705,0.49838031711827946,0.9429802001312821,-8.87192386923049,-8.591008731951737,-8.437106794628948,-8.7618357122238,0.0,-9.007834859146511
Financial Stress Testing,cge,real_exchange_rate,100.137726441255,5.008512113182703,-0.019027630941469833,0.011230881341522725,88.55869014948247,91.91460115372124,93.7428036101308,89.74870208413547,0.0,86.64084808622833
Financial Stress Testing,cge,investment_rate,25.148118557322515,1.2737476992066248,0.04360183994781543,-0.014969956898830183,22.237712705683425,23.07133394728051,23.520436760995956,22.554770642485185,0.0,21.82268000386525
Financial Stress Testing,cge,consumption_growth,5.9362908711357205,0.3882794671343395,0.9005439025072983,2.059913465765283,5.177640294827326,5.384662688416022,5.497317099626432,5.257597197960462,0.0,5.073011107117943
Financial Stress Testing,cge,productivity_growth,2.6385925019159524,0.2886618485849094,2.152905465639474,6.592336795561938,2.2339494091320176,2.3296678524633845,2.380044722018023,2.2726128760376394,0.0,2.1942502155229198
Policy Uncertainty Analysis,abm,gdp_growth,6.499383192386116,0.32945402278214275,-0.014004617581995248,0.05182431670124066,5.725146046573535,5.955899566740886,6.079665647183045,5.815414295190354,0.0,5.613131332747071
Policy Uncertainty Analysis,abm,inflation,5.49904772745136,0.28055119385493826,0.0015897181938629695,-0.03327097650793087,4.844902965517236,5.038815453356626,5.138108600336938,4.9221795592337,0.0,4.754273301218826
Policy Uncertainty Analysis,abm,unemployment,4.1995038649725505,0.2177546345712457,-0.00284930712240678,0.0028052976725385648,3.692524828008602,3.84052205318646,3.9207820753810476,3.749258929990217,0.0,3.616696736588141
Policy Uncertainty Analysis,abm,current_account,-1.5010552642552561,0.09290762191549917,0.00022772606985336442,1.2035636609073164,-1.7407124839161698,-1.6503110379654187,-1.6122812093494225,-1.7049247618815722,0.0,-1.7935211120546506
Policy Uncertainty Analysis,abm,government_debt,35.01216048882902,1.7605888221552597,0.016106680197221827,-0.03695528889438604,30.968477838048848,32.13104526686721,32.752828695328844,31.414010029405596,0.0,30.360633187968205
Policy Uncertainty Analysis,abm,trade_balance,-8.002921420005322,0.405449962139747,-0.01865512200055613,-0.01408323885508711,-8.948899846502208,-8.677960460014022,-8.52053333223323,-8.844491364730322,0.0,-9.093204667782006
Policy Uncertainty Analysis,abm,real_exchange_rate,100.0080191414392,4.9942297942770795,-0.0009189370471958994,0.0288208963163199,88.1826608751883,91.84052742933382,93.64981583901239,89.66091341899549,0.0,86.53636024286654
Policy Uncertainty Analysis,abm,investment_rate,25.003943583970667,1.2447048212592755,0.008995711195207395,0.00431006967200398,22.141209884078506,22.961647705963326,23.410252444109965,22.44953727177293,0.0,21.690788331128672
Policy Uncertainty Analysis,abm,consumption_growth,5.8016520514520264,0.29609616459790006,-0.006888299797340653,-0.025869311183744692,5.112526937945022,5.314144552340536,5.42119338334276,5.189036531291617,0.0,5.015980399976342
Policy Uncertainty Analysis,abm,productivity_growth,2.5007281689983136,0.13634886280946937,0.004621544396570703,0.27432648540068616,2.1758104959082134,2.278549359785615,2.329361603802807,2.2145356640336433,0.0,2.1175300736397356
Policy Uncertainty Analysis,behavioral,gdp_growth,6.498710862609096,0.33043430822870556,-0.004753303433571816,0.0242406498692187,5.725937659207183,5.957444394281125,6.076577711797721,5.814865162980846,0.0,5.6115163048134615
Policy Uncertainty Analysis,behavioral,inflation,5.498193872751154,0.28026880714235536,-0.0022804943921034544,0.030220459887184692,4.837739796708096,5.035281828515681,5.142282716845977,4.916402773130788,0.0,4.747917163518548
Policy Uncertainty Analysis,behavioral,unemployment,4.199077762204863,0.21598377103808208,0.006378806237133199,0.06439248646835294,3.6922509648768393,3.842587221213243,3.9233138998034747,3.751225917456318,0.0,3.6209766903558562
Policy Uncertainty Analysis,behavioral,current_account,-1.5001887491677337,0.09302859729936852,-0.026595301162415964,1.1019298352249738,-1.7381788163870577,-1.6500761922108802,-1.6134406803430543,-1.7033557128385426,0.0,-1.7923197899358838
Policy Uncertainty Analysis,behavioral,government_debt,35.0111608345483,1.7401977259205104,-0.005204379353373648,-0.03689577334357175,30.995398579776154,32.14019131794133,32.76815929361138,31.42984196833853,0.0,30.394462515375235
Policy Uncertainty Analysis,behavioral,trade_balance,-8.004938417130893,0.40679501878534174,0.007533826466066246,-0.031005701967319776,-8.94658193476546,-8.675399581775292,-8.530704903530797,-8.839955581352243,0.0,-9.076229587906742
Policy Uncertainty Analysis,behavioral,real_exchange_rate,100.00277648763138,4.992317187782491,-0.0051894579265727705,0.01465029548110408,88.36151293315693,91.81215747501506,93.57438566369393,89.68740808775986,0.0,86.65554841719069
Policy Uncertainty Analysis,behavioral,investment_rate,24.990594028056133,1.2456036959130206,-0.011863130580803504,-0.023079648657486906,22.0609128878792,22.92884206543733,23.397901671795243,22.40994534668109,0.0,21.66340795768784
Policy Uncertainty Analysis,behavioral,consumption_growth,5.802599652004902,0.2949655682912603,-0.00601512467647629,0.024792909536694108,5.1114130615918105,5.315765101157532,5.422539538927782,5.191409482768414,0.0,5.013452537248838
Policy Uncertainty Analysis,behavioral,productivity_growth,2.4994742104479037,0.13627374594520159,-0.015254324325508417,0.22343801200787183,2.1738697172329284,2.275630866229584,2.3280255719751106,2.212985412623305,0.0,2.118732803153741
Policy Uncertainty Analysis,cge,gdp_growth,6.499944535996438,0.32789201278072627,-0.017021805152671883,-0.0727973247792697,5.737692888446513,5.958333470382957,6.076220354518749,5.823616177367483,0.0,5.63238935131501
Policy Uncertainty Analysis,cge,inflation,5.501235274571109,0.28160585117059445,0.004153229657839689,0.004249001239065908,4.851690101753275,5.037353454761673,5.140263743425725,4.920816006718557,0.0,4.753364180915931
Policy Uncertainty Analysis,cge,unemployment,4.197720407793849,0.2162247583760665,0.003963319618836302,0.0821206691386176,3.6932162485743096,3.8414016978044496,3.921083010184757,3.7500835796474457,0.0,3.6161429548660933
Policy Uncertainty Analysis,cge,current_account,-1.499858639469822,0.09266288781122783,-0.008805099389616869,1.086941340573368,-1.7384517227290959,-1.6478076231751617,-1.612314386054108,-1.702346321395612,0.0,-1.7885482880624426
Policy Uncertainty Analysis,cge,government_debt,35.0024714699664,1.7422791045283235,0.00405924416745562,-0.009595605460744228,31.0084387754973,32.14124825891399,32.764414684206024,31.423584984376888,0.0,30.402770786025226
Policy Uncertainty Analysis,cge,trade_balance,-7.998753361581795,0.4054622059766818,-0.019808226517324914,-0.012964446697747878,-8.943273655897874,-8.669393770179335,-8.519488945053999,-8.840361080496994,0.0,-9.08319725591875
Policy Uncertainty Analysis,cge,real_exchange_rate,99.97085764153344,4.995800244655817,-0.0010072937291507938,-0.0007075275591850172,88.34833035131973,91.78940535975129,93.58884959154787,89.68538810772041,0.0,86.55715814897725
Policy Uncertainty Analysis,cge,investment_rate,25.000351706701647,1.2437249633077703,0.008415019840492345,-0.022235743950360654,22.12703871422316,22.964662475930588,23.403983347954348,22.450125821058325,0.0,21.703843636211694
Policy Uncertainty Analysis,cge,consumption_growth,5.799950405711821,0.2940974757160634,0.015762278021522025,-0.015736780355518842,5.117963536413949,5.320231681856211,5.424139064889941,5.196075718323523,0.0,5.022724959091849
Policy Uncertainty Analysis,cge,productivity_growth,2.499610932303731,0.13706695619626535,-0.0064993629659481095,0.23396148772075964,2.1722496761969796,2.274815950436173,2.3255346715588034,2.21181037071525,0.0,2.1184582497016566
